Time (ms),Voltage (V)
0.0,0.04150517288735618
0.00256128064032016,0.08575701162755212
0.00512256128064032,0.17426068910794396
0.007683841920960481,0.2629169591357158
0.01024512256128064,0.30732139042329176
0.012806403201600803,0.35157322916348765
0.015367683841920962,0.4402294991912595
0.01792896448224112,0.4846339304788354
0.02049024512256128,0.5731376079592272
0.023051525762881442,0.6617938779869991
0.025612806403201606,0.706198309274575
0.028174087043521763,0.7948545793023469
0.030735367683841924,0.8391064180425428
0.033296648324162084,0.8835108493301187
0.03585792896448224,0.9721671193578906
0.038419209604802405,1.0164189580980865
0.04098049024512256,1.1050752281258582
0.04354177088544273,1.1493270668660542
0.046103051525762884,1.2379833368938262
0.04866433216608305,1.326639606921598
0.05122561280640321,1.3710440382091738
0.05378689344672336,1.4152958769493698
0.056348174087043526,1.5039521469771417
0.05890945472736368,1.5926084170049135
0.06147073536768385,1.6368602557451095
0.06403201600800401,1.6812646870326853
0.06659329664832417,1.769920957060457
0.06915457728864433,1.858577227088229
0.07171585792896448,1.902829065828425
0.07427713856928465,1.9472334971160008
0.07683841920960481,1.9914853358561968
0.07939969984992498,2.0801416058839686
0.08196098049024512,2.1687978759117406
0.08452226113056528,2.2130497146519366
0.08708354177088545,2.257454145939512
0.08964482241120561,2.346110415967284
0.09220610305152577,2.346110415967284
0.09476738369184592,2.39036225470748
0.0973286643321661,2.434766685995056
0.09988994497248625,2.523270363475448
0.10245122561280642,2.5676747947630236
0.10501250625312657,2.6119266335032196
0.10757378689344672,2.7005829035309916
0.1101350675337669,2.7449873348185676
0.11269634817408705,2.7892391735587636
0.11525762881440722,2.833643604846339
0.11781890945472737,2.922299874874111
0.12038019009504754,2.922299874874111
0.1229414707353677,3.010803552354503
0.12550275137568784,3.055207983642079
0.12806403201600802,3.099459822382275
0.13062531265632818,3.1438642536698507
0.13318659329664834,3.1881160924100467
0.1357478739369685,3.2325205236976227
0.13830915457728865,3.2767723624378187
0.1408704352176088,3.321176793725394
0.14343171585792897,3.321176793725394
0.14599299649824912,3.4096804712057867
0.1485542771385693,3.454084902493362
0.15111555777888946,3.454084902493362
0.15367683841920962,3.542741172521134
0.15623811905952978,3.542741172521134
0.15879939969984996,3.542741172521134
0.1613606803401701,3.6313974425489057
0.16392196098049025,3.675649281289102
0.1664832416208104,3.675649281289102
0.16904452226113056,3.7200537125766777
0.17160580290145075,3.7643055513168737
0.1741670835417709,3.8087099826044497
0.17672836418209106,3.8087099826044497
0.17928964482241122,3.8529618213446457
0.1818509254627314,3.8529618213446457
0.18441220610305153,3.9416180913724173
0.1869734867433717,3.9416180913724173
0.18953476738369185,3.9416180913724173
0.192096048024012,3.9858699301126133
0.1946573286643322,3.9858699301126133
0.19721860930465235,4.030274361400189
0.1997798899449725,4.030274361400189
0.20234117058529266,4.074526200140386
0.20490245122561285,4.074526200140386
0.20746373186593298,4.118930631427961
0.21002501250625313,4.118930631427961
0.2125862931465733,4.118930631427961
0.21514757378689345,4.163182470168157
0.21770885442721363,4.163182470168157
0.2202701350675338,4.163182470168157
0.22283141570785395,4.207586901455733
0.2253926963481741,4.207586901455733
0.22795397698849426,4.207586901455733
0.23051525762881445,4.207586901455733
0.23307653826913458,4.163182470168157
0.23563781890945473,4.163182470168157
0.2381990995497749,4.163182470168157
0.24076038019009507,4.163182470168157
0.24332166083041523,4.118930631427961
0.2458829414707354,4.118930631427961
0.24844422211105555,4.074526200140386
0.2510055027513757,4.074526200140386
0.25356678339169586,4.030274361400189
0.25612806403201605,4.030274361400189
0.2586893446723362,4.030274361400189
0.26125062531265636,3.9858699301126133
0.2638119059529765,3.9416180913724173
0.2663731865932967,3.9416180913724173
0.2689344672336168,3.9416180913724173
0.271495747873937,3.8972136600848417
0.2740570285142572,3.8529618213446457
0.2766183091545773,3.8087099826044497
0.2791795897948975,3.8087099826044497
0.2817408704352176,3.7643055513168737
0.2843021510755378,3.7643055513168737
0.28686343171585793,3.675649281289102
0.2894247123561781,3.675649281289102
0.29198599299649824,3.6313974425489057
0.29454727363681843,3.58699301126133
0.2971085542771386,3.542741172521134
0.29966983491745874,3.498336741233558
0.30223111555777893,3.498336741233558
0.30479239619809906,3.454084902493362
0.30735367683841924,3.4096804712057867
0.3099149574787394,3.3654286324655907
0.31247623811905956,3.321176793725394
0.3150375187593797,3.2767723624378187
0.3175987993996999,3.2325205236976227
0.32016008004002006,3.2325205236976227
0.3227213606803402,3.1438642536698507
0.32528264132066037,3.099459822382275
0.3278439219609805,3.055207983642079
0.3304052026013007,3.010803552354503
0.3329664832416208,2.966551713614307
0.335527763881941,2.922299874874111
0.33808904452226113,2.877895443586535
0.34065032516258137,2.7892391735587636
0.3432116058029015,2.7449873348185676
0.3457728864432216,2.6563310647907956
0.3483341670835418,2.6119266335032196
0.35089544772386194,2.5676747947630236
0.3534567283641821,2.523270363475448
0.35601800900450226,2.434766685995056
0.35857928964482244,2.39036225470748
0.36114057028514257,2.346110415967284
0.3637018509254628,2.301705984679708
0.36626313156578294,2.2130497146519366
0.36882441220610307,2.1687978759117406
0.37138569284642325,2.1243934446241646
0.3739469734867434,2.0801416058839686
0.37650825412706357,1.9914853358561968
0.3790695347673837,1.9472334971160008
0.3816308154077039,1.858577227088229
0.384192096048024,1.814172795800653
0.38675337668834425,1.7255165257728813
0.3893146573286644,1.6368602557451095
0.3918759379689845,1.5926084170049135
0.3944372186093047,1.5482039857173377
0.3969984992496248,1.5039521469771417
0.399559779889945,1.3710440382091738
0.40212106053026514,1.326639606921598
0.4046823411705853,1.282387768181402
0.40724362181090545,1.1937314981536302
0.4098049024512257,1.1493270668660542
0.4123661830915458,1.0606707968382825
0.41492746373186595,0.9721671193578906
0.41748874437218614,0.9277626880703147
0.42005002501250627,0.8391064180425428
0.42261130565282645,0.7948545793023469
0.4251725862931466,0.706198309274575
0.42773386693346677,0.6617938779869991
0.4302951475737869,0.5731376079592272
0.4328564282141071,0.5288857692190313
0.43541770885442727,0.4402294991912595
0.43797898949474745,0.35157322916348765
0.4405402701350676,0.30732139042329176
0.4431015507753877,0.2629169591357158
0.4456628314157079,0.17426068910794396
0.448224112056028,0.08575701162755212
0.4507853926963482,0.04150517288735618
0.45334667333666834,-0.04715109714041567
0.4559079539769885,-0.09140293588061159
0.4584692346173087,-0.1358073671681875
0.4610305152576289,-0.26871547593615525
0.463591795897949,-0.31311990722373123
0.46615307653826915,-0.40162358470412307
0.46871435717858934,-0.44602801599169895
0.47127563781890947,-0.4902798547318949
0.47383691845922965,-0.5789361247596667
0.4763981990995498,-0.6675923947874386
0.47895947973986996,-0.7119968260750145
0.48152076038019015,-0.8006530961027863
0.48408204102051033,-0.8449049348429822
0.48664332166083046,-0.9335612048707541
0.4892046023011506,-0.97781304361095
0.4917658829414708,-1.0664693136387218
0.4943271635817909,-1.1108737449262978
0.4968884442221111,-1.1995300149540697
0.4994497248624312,-1.2437818536942655
0.5020110055027514,-1.3324381237220375
0.5045722861430716,-1.3766899624622333
0.5071335667833917,-1.465346232490005
0.509694847423712,-1.554002502517777
0.5122561280640321,-1.598406933805353
0.5148174087043522,-1.6870632038331248
0.5173786893446723,-1.7313150425733206
0.5199399699849925,-1.8199713126010924
0.5225012506253127,-1.8642231513412886
0.5250625312656328,-1.9528794213690603
0.527623811905953,-1.9972838526566363
0.5301850925462731,-2.0415356913968323
0.5327463731865933,-2.130191961424604
0.5353076538269135,-2.218848231452376
0.5378689344672336,-2.2632526627399514
0.5404302151075538,-2.351756340220344
0.542991495747874,-2.3961607715079194
0.5455527763881942,-2.4404126102481154
0.5481140570285143,-2.5290688802758874
0.5506753376688345,-2.5290688802758874
0.5532366183091546,-2.617725150303659
0.5557978989494748,-2.662129581591235
0.558359179589795,-2.706381420331431
0.5609204602301151,-2.750785851619007
0.5634817408704352,-2.839289529099399
0.5660430215107554,-2.8836939603869745
0.5686043021510756,-2.9279457991271705
0.5711655827913957,-2.9723502304147464
0.5737268634317159,-3.0166020691549424
0.576288144072036,-3.1052583391827144
0.5788494247123562,-3.14966277047029
0.5814107053526764,-3.193914609210486
0.5839719859929965,-3.238166447950682
0.5865332666333167,-3.282570879238258
0.5890945472736369,-3.37122714926603
0.5916558279139571,-3.415478988006226
0.5942171085542772,-3.4598834192938015
0.5967783891945974,-3.4598834192938015
0.5993396698349175,-3.5041352580339975
0.6019009504752377,-3.5927915280617695
0.6044622311155579,-3.5927915280617695
0.607023511755878,-3.637195959349345
0.6095847923961981,-3.6814477980895415
0.6121460730365182,-3.6814477980895415
0.6147073536768385,-3.770104068117313
0.6172686343171586,-3.770104068117313
0.6198299149574787,-3.814355906857509
0.6223911955977989,-3.858760338145085
0.6249524762381191,-3.903012176885281
0.6275137568784392,-3.903012176885281
0.6300750375187594,-3.9474166081728566
0.6326363181590796,-3.9916684469130526
0.6351975987993999,-4.0360728782006285
0.63775887943972,-4.0360728782006285
0.6403201600800401,-4.080324716940825
0.6428814407203602,-4.1247291482284005
0.6454427213606804,-4.1247291482284005
0.6480040020010006,-4.168980986968597
0.6505652826413207,-4.168980986968597
0.6531265632816409,-4.168980986968597
0.655687843921961,-4.213232825708792
0.6582491245622811,-4.257637256996369
0.6608104052026014,-4.257637256996369
0.6633716858429215,-4.301889095736564
0.6659329664832416,-4.301889095736564
0.6684942471235618,-4.301889095736564
0.671055527763882,-4.301889095736564
0.6736168084042021,-4.346293527024141
0.6761780890445223,-4.301889095736564
0.6787393696848424,-4.301889095736564
0.6813006503251627,-4.301889095736564
0.6838619309654829,-4.257637256996369
0.686423211605803,-4.257637256996369
0.6889844922461231,-4.257637256996369
0.6915457728864433,-4.213232825708792
0.6941070535267635,-4.168980986968597
0.6966683341670836,-4.168980986968597
0.6992296148074038,-4.168980986968597
0.7017908954477239,-4.1247291482284005
0.7043521760880441,-4.1247291482284005
0.7069134567283643,-4.080324716940825
0.7094747373686844,-4.080324716940825
0.7120360180090045,-4.0360728782006285
0.7145972986493246,-3.9916684469130526
0.7171585792896449,-3.9916684469130526
0.719719859929965,-3.9474166081728566
0.7222811405702851,-3.903012176885281
0.7248424212106053,-3.858760338145085
0.7274037018509256,-3.814355906857509
0.7299649824912458,-3.814355906857509
0.7325262631315659,-3.770104068117313
0.735087543771886,-3.7256996368297375
0.7376488244122061,-3.6814477980895415
0.7402101050525264,-3.637195959349345
0.7427713856928465,-3.637195959349345
0.7453326663331666,-3.5927915280617695
0.7478939469734868,-3.5485396893215735
0.750455227613807,-3.5041352580339975
0.7530165082541271,-3.4598834192938015
0.7555777888944473,-3.415478988006226
0.7581390695347674,-3.37122714926603
0.7607003501750875,-3.326822717978454
0.7632616308154078,-3.282570879238258
0.7658229114557279,-3.282570879238258
0.768384192096048,-3.14966277047029
0.7709454727363682,-3.1052583391827144
0.7735067533766885,-3.1052583391827144
0.7760680340170086,-3.0166020691549424
0.7786293146573288,-2.9723502304147464
0.7811905952976489,-2.9279457991271705
0.783751875937969,-2.8836939603869745
0.7863131565782893,-2.839289529099399
0.7888744372186094,-2.750785851619007
0.7914357178589295,-2.706381420331431
0.7939969984992497,-2.662129581591235
0.7965582791395699,-2.617725150303659
0.79911955977989,-2.5290688802758874
0.8016808404202102,-2.5290688802758874
0.8042421210605303,-2.4404126102481154
0.8068034017008504,-2.3961607715079194
0.8093646823411706,-2.351756340220344
0.8119259629814908,-2.2632526627399514
0.8144872436218109,-2.218848231452376
0.817048524262131,-2.130191961424604
0.8196098049024514,-2.085940122684408
0.8221710855427715,-1.9972838526566363
0.8247323661830916,-1.9528794213690603
0.8272936468234118,-1.8642231513412886
0.8298549274637319,-1.8199713126010924
0.8324162081040521,-1.7313150425733206
0.8349774887443723,-1.6870632038331248
0.8375387693846924,-1.598406933805353
0.8401000500250125,-1.554002502517777
0.8426613306653328,-1.465346232490005
0.8452226113056529,-1.4210943937498093
0.847783891945973,-1.3324381237220375
0.8503451725862932,-1.2881862849818415
0.8529064532266133,-1.1995300149540697
0.8554677338669335,-1.1551255836664935
0.8580290145072537,-1.0664693136387218
0.8605902951475738,-1.022217474898526
0.8631515757878939,-0.9335612048707541
0.8657128564282142,-0.8891567735831781
0.8682741370685344,-0.8006530961027863
0.8708354177088545,-0.7562486648152105
0.8733966983491747,-0.6675923947874386
0.8759579789894949,-0.6233405560472427
0.878519259629815,-0.5789361247596667
0.8810805402701352,-0.4902798547318949
0.8836418209104553,-0.40162358470412307
0.8862031015507754,-0.3573717459639271
0.8887643821910957,-0.26871547593615525
0.8913256628314158,-0.22446363719595933
0.8938869434717359,-0.1358073671681875
0.896448224112056,-0.04715109714041567
0.8990095047523763,-0.0027466658528397473
0.9015707853926964,0.04150517288735618
0.9041320660330165,0.13000885036774804
0.9066933466733367,0.17426068910794396
0.9092546273136568,0.2629169591357158
0.911815907953977,0.35157322916348765
0.9143771885942973,0.3959776604510636
0.9169384692346174,0.4846339304788354
0.9194997498749375,0.5288857692190313
0.9220610305152578,0.6175420392468032
0.9246223111555779,0.6617938779869991
0.927183591795898,0.7504501480147711
0.9297448724362182,0.7948545793023469
0.9323061530765383,0.8391064180425428
0.9348674337168585,0.9277626880703147
0.9374287143571787,0.9721671193578906
0.9399899949974988,1.0606707968382825
0.9425512756378189,1.1050752281258582
0.9451125562781392,1.1937314981536302
0.9476738369184593,1.282387768181402
0.9502351175587794,1.326639606921598
0.9527963981990996,1.3710440382091738
0.9553576788394197,1.4597003082369455
0.9579189594797399,1.5039521469771417
0.9604802401200602,1.5926084170049135
0.9630415207603803,1.6368602557451095
0.9656028014007004,1.7255165257728813
0.9681640820410207,1.769920957060457
0.9707253626813408,1.858577227088229
0.9732866433216609,1.902829065828425
0.9758479239619811,1.9472334971160008
0.9784092046023012,2.0357371745963926
0.9809704852426214,2.1243934446241646
0.9835317658829416,2.1687978759117406
0.9860930465232617,2.2130497146519366
0.9886543271635818,2.257454145939512
0.991215607803902,2.346110415967284
0.9937768884442222,2.39036225470748
0.9963381690845423,2.434766685995056
0.9988994497248624,2.479018524735252
1.0014607303651826,2.523270363475448
1.0040220110055027,2.5676747947630236
1.0065832916458228,2.6563310647907956
1.0091445722861432,2.7005829035309916
1.0117058529264633,2.7449873348185676
1.0142671335667834,2.7892391735587636
1.0168284142071036,2.877895443586535
1.019389694847424,2.922299874874111
1.021950975487744,2.966551713614307
1.0245122561280642,3.010803552354503
1.0270735367683843,3.055207983642079
1.0296348174087044,3.099459822382275
1.0321960980490246,3.1438642536698507
1.0347573786893447,3.1881160924100467
1.0373186593296648,3.2325205236976227
1.039879939969985,3.2767723624378187
1.0424412206103053,3.321176793725394
1.0450025012506254,3.3654286324655907
1.0475637818909456,3.4096804712057867
1.0501250625312657,3.454084902493362
1.0526863431715858,3.498336741233558
1.055247623811906,3.498336741233558
1.057808904452226,3.542741172521134
1.0603701850925462,3.58699301126133
1.0629314657328663,3.6313974425489057
1.0654927463731867,3.6313974425489057
1.0680540270135068,3.675649281289102
1.070615307653827,3.7200537125766777
1.073176588294147,3.7643055513168737
1.0757378689344672,3.8087099826044497
1.0782991495747876,3.8087099826044497
1.0808604302151077,3.8529618213446457
1.0834217108554278,3.8529618213446457
1.085982991495748,3.8972136600848417
1.0885442721360683,3.9416180913724173
1.0911055527763884,3.9858699301126133
1.0936668334167086,3.9858699301126133
1.0962281140570287,3.9858699301126133
1.0987893946973488,4.030274361400189
1.101350675337669,4.030274361400189
1.103911955977989,4.074526200140386
1.1064732366183092,4.074526200140386
1.1090345172586293,4.118930631427961
1.1115957978989497,4.118930631427961
1.1141570785392698,4.163182470168157
1.11671835917959,4.163182470168157
1.11927963981991,4.163182470168157
1.1218409204602302,4.207586901455733
1.1244022011005503,4.163182470168157
1.1269634817408705,4.207586901455733
1.1295247623811906,4.163182470168157
1.1320860430215107,4.207586901455733
1.134647323661831,4.163182470168157
1.1372086043021512,4.163182470168157
1.1397698849424713,4.163182470168157
1.1423311655827915,4.118930631427961
1.1448924462231116,4.118930631427961
1.1474537268634317,4.118930631427961
1.1500150075037519,4.074526200140386
1.152576288144072,4.074526200140386
1.155137568784392,4.074526200140386
1.1576988494247125,4.030274361400189
1.1602601300650326,3.9858699301126133
1.1628214107053527,3.9858699301126133
1.1653826913456728,3.9416180913724173
1.167943971985993,3.9416180913724173
1.170505252626313,3.8972136600848417
1.1730665332666335,3.8972136600848417
1.1756278139069536,3.8529618213446457
1.1781890945472737,3.8087099826044497
1.180750375187594,3.8087099826044497
1.1833116558279142,3.7643055513168737
1.1858729364682343,3.7200537125766777
1.1884342171085545,3.675649281289102
1.1909954977488746,3.675649281289102
1.1935567783891947,3.6313974425489057
1.1961180590295148,3.58699301126133
1.198679339669835,3.542741172521134
1.201240620310155,3.498336741233558
1.2038019009504755,3.454084902493362
1.2063631815907956,3.4096804712057867
1.2089244622311157,3.4096804712057867
1.2114857428714358,3.321176793725394
1.214047023511756,3.321176793725394
1.216608304152076,3.2767723624378187
1.2191695847923962,3.2325205236976227
1.2217308654327164,3.1881160924100467
1.2242921460730365,3.1438642536698507
1.2268534267133568,3.099459822382275
1.229414707353677,3.055207983642079
1.231975987993997,2.966551713614307
1.2345372686343172,2.922299874874111
1.2370985492746374,2.877895443586535
1.2396598299149575,2.833643604846339
1.2422211105552776,2.7892391735587636
1.2447823911955977,2.7005829035309916
1.2473436718359179,2.6563310647907956
1.2499049524762382,2.6119266335032196
1.2524662331165584,2.5676747947630236
1.2550275137568785,2.523270363475448
1.2575887943971986,2.434766685995056
1.2601500750375187,2.39036225470748
1.2627113556778389,2.346110415967284
1.2652726363181592,2.301705984679708
1.2678339169584794,2.2130497146519366
1.2703951975987997,2.1687978759117406
1.2729564782391198,2.0801416058839686
1.27551775887944,2.0357371745963926
1.27807903951976,1.9914853358561968
1.2806403201600802,1.9472334971160008
1.2832016008004004,1.858577227088229
1.2857628814407205,1.769920957060457
1.2883241620810406,1.7255165257728813
1.2908854427213607,1.6368602557451095
1.2934467233616809,1.5926084170049135
1.2960080040020012,1.5039521469771417
1.2985692846423214,1.4597003082369455
1.3011305652826415,1.3710440382091738
1.3036918459229616,1.326639606921598
1.3062531265632817,1.2379833368938262
1.3088144072036019,1.1937314981536302
1.311375687843922,1.1050752281258582
1.3139369684842421,1.0164189580980865
1.3164982491245623,0.9721671193578906
1.3190595297648826,0.9277626880703147
1.3216208104052027,0.8391064180425428
1.3241820910455229,0.7948545793023469
1.326743371685843,0.706198309274575
1.3293046523261631,0.6175420392468032
1.3318659329664833,0.5731376079592272
1.3344272136068034,0.4846339304788354
1.3369884942471235,0.4402294991912595
1.3395497748874436,0.35157322916348765
1.342111055527764,0.2629169591357158
1.3446723361680841,0.21866512039551989
1.3472336168084043,0.13000885036774804
1.3497948974487244,0.08575701162755212
1.3523561780890445,0.04150517288735618
1.3549174587293646,-0.04715109714041567
1.3574787393696848,-0.09140293588061159
1.3600400200100051,-0.22446363719595933
1.3626013006503255,-0.26871547593615525
1.3651625812906456,-0.31311990722373123
1.3677238619309657,-0.40162358470412307
1.3702851425712859,-0.44602801599169895
1.372846423211606,-0.5346842860194708
1.3754077038519261,-0.6233405560472427
1.3779689844922463,-0.6675923947874386
1.3805302651325664,-0.7562486648152105
1.3830915457728865,-0.8006530961027863
1.3856528264132069,-0.8449049348429822
1.388214107053527,-0.9335612048707541
1.3907753876938471,-0.97781304361095
1.3933366683341672,-1.0664693136387218
1.3958979489744874,-1.1551255836664935
1.3984592296148075,-1.2437818536942655
1.4010205102551276,-1.2881862849818415
1.4035817908954478,-1.3324381237220375
1.406143071535768,-1.4210943937498093
1.4087043521760882,-1.5097506637775813
1.4112656328164084,-1.554002502517777
1.4138269134567285,-1.598406933805353
1.4163881940970486,-1.6870632038331248
1.4189494747373688,-1.7757194738608966
1.421510755377689,-1.8199713126010924
1.424072036018009,-1.9086275826288646
1.4266333166583292,-1.9972838526566363
1.4291945972986493,-2.0415356913968323
1.4317558779389696,-2.085940122684408
1.4343171585792898,-2.17459639271218
1.43687843921961,-2.218848231452376
1.43943971985993,-2.3075045014801474
1.4420010005002502,-2.351756340220344
1.4445622811405703,-2.3961607715079194
1.4471235617808904,-2.4848170415356914
1.4496848424212105,-2.5290688802758874
1.452246123061531,-2.573473311563463
1.4548074037018512,-2.662129581591235
1.4573686843421714,-2.706381420331431
1.4599299649824915,-2.750785851619007
1.4624912456228116,-2.795037690359203
1.4650525262631318,-2.839289529099399
1.467613806903452,-2.8836939603869745
1.470175087543772,-2.9279457991271705
1.4727363681840921,-3.0166020691549424
1.4752976488244123,-3.0610065004425184
1.4778589294647326,-3.1052583391827144
1.4804202101050528,-3.14966277047029
1.4829814907453729,-3.238166447950682
1.485542771385693,-3.282570879238258
1.4881040520260131,-3.326822717978454
1.4906653326663333,-3.37122714926603
1.4932266133066534,-3.415478988006226
1.4957878939469735,-3.4598834192938015
1.4983491745872937,-3.5041352580339975
1.500910455227614,-3.5485396893215735
1.5034717358679341,-3.5485396893215735
1.5060330165082543,-3.637195959349345
1.5085942971485744,-3.637195959349345
1.5111555777888945,-3.6814477980895415
1.5137168584292147,-3.7256996368297375
1.5162781390695348,-3.770104068117313
1.518839419709855,-3.770104068117313
1.521400700350175,-3.814355906857509
1.5239619809904954,-3.858760338145085
1.5265232616308155,-3.903012176885281
1.5290845422711357,-3.9474166081728566
1.5316458229114558,-3.9474166081728566
1.534207103551776,-3.9916684469130526
1.536768384192096,-4.0360728782006285
1.5393296648324162,-4.080324716940825
1.5418909454727363,-4.080324716940825
1.5444522261130564,-4.1247291482284005
1.547013506753377,-4.1247291482284005
1.5495747873936971,-4.168980986968597
1.5521360680340173,-4.168980986968597
1.5546973486743374,-4.213232825708792
1.5572586293146575,-4.213232825708792
1.5598199099549777,-4.257637256996369
1.5623811905952978,-4.257637256996369
1.564942471235618,-4.257637256996369
1.567503751875938,-4.301889095736564
1.5700650325162584,-4.346293527024141
1.5726263131565785,-4.301889095736564
1.5751875937968987,-4.301889095736564
1.5777488744372188,-4.346293527024141
1.580310155077539,-4.301889095736564
1.582871435717859,-4.301889095736564
1.5854327163581792,-4.257637256996369
1.5879939969984993,-4.257637256996369
1.5905552776388194,-4.257637256996369
1.5931165582791398,-4.213232825708792
1.59567783891946,-4.168980986968597
1.59823911955978,-4.168980986968597
1.6008004002001002,-4.168980986968597
1.6033616808404203,-4.1247291482284005
1.6059229614807404,-4.1247291482284005
1.6084842421210606,-4.080324716940825
1.6110455227613807,-4.0360728782006285
1.6136068034017008,-4.0360728782006285
1.6161680840420212,-3.9916684469130526
1.6187293646823413,-3.9474166081728566
1.6212906453226614,-3.9474166081728566
1.6238519259629816,-3.903012176885281
1.6264132066033017,-3.858760338145085
1.6289744872436218,-3.814355906857509
1.631535767883942,-3.770104068117313
1.634097048524262,-3.770104068117313
1.6366583291645822,-3.7256996368297375
1.6392196098049028,-3.6814477980895415
1.641780890445223,-3.637195959349345
1.644342171085543,-3.5927915280617695
1.6469034517258632,-3.5927915280617695
1.6494647323661833,-3.5485396893215735
1.6520260130065034,-3.5041352580339975
1.6545872936468236,-3.4598834192938015
1.6571485742871437,-3.415478988006226
1.6597098549274638,-3.37122714926603
1.6622711355677842,-3.326822717978454
1.6648324162081043,-3.282570879238258
1.6673936968484244,-3.238166447950682
1.6699549774887446,-3.14966277047029
1.6725162581290647,-3.1052583391827144
1.6750775387693848,-3.0610065004425184
1.677638819409705,-3.0166020691549424
1.680200100050025,-2.9723502304147464
1.6827613806903452,-2.8836939603869745
1.6853226613306656,-2.839289529099399
1.6878839419709857,-2.795037690359203
1.6904452226113058,-2.750785851619007
1.693006503251626,-2.706381420331431
1.695567783891946,-2.662129581591235
1.6981290645322662,-2.573473311563463
1.7006903451725863,-2.5290688802758874
1.7032516258129065,-2.4848170415356914
1.7058129064532266,-2.3961607715079194
1.708374187093547,-2.351756340220344
1.710935467733867,-2.3075045014801474
1.7134967483741872,-2.2632526627399514
1.7160580290145073,-2.218848231452376
1.7186193096548275,-2.130191961424604
1.7211805902951476,-2.0415356913968323
1.7237418709354677,-1.9972838526566363
1.7263031515757878,-1.9086275826288646
1.728864432216108,-1.8642231513412886
1.7314257128564283,-1.8199713126010924
1.7339869934967487,-1.7313150425733206
1.7365482741370688,-1.6870632038331248
1.739109554777389,-1.598406933805353
1.741670835417709,-1.5097506637775813
1.7442321160580292,-1.465346232490005
1.7467933966983493,-1.3766899624622333
1.7493546773386695,-1.3324381237220375
1.7519159579789898,-1.2881862849818415
1.75447723861931,-1.1551255836664935
1.75703851925963,-1.1108737449262978
1.7595997998999502,-1.0664693136387218
1.7621610805402703,-0.97781304361095
1.7647223611805904,-0.9335612048707541
1.7672836418209106,-0.8449049348429822
1.7698449224612307,-0.8006530961027863
1.7724062031015508,-0.7119968260750145
1.7749674837418712,-0.6675923947874386
1.7775287643821913,-0.5789361247596667
1.7800900450225114,-0.5346842860194708
1.7826513256628316,-0.44602801599169895
1.7852126063031517,-0.40162358470412307
1.7877738869434718,-0.31311990722373123
1.790335167583792,-0.22446363719595933
1.792896448224112,-0.22446363719595933
1.7954577288644322,-0.09140293588061159
1.7980190095047526,-0.04715109714041567
1.8005802901450727,0.04150517288735618
1.8031415707853928,0.08575701162755212
1.805702851425713,0.13000885036774804
1.808264132066033,0.21866512039551989
1.8108254127063532,0.2629169591357158
1.8133866933466734,0.35157322916348765
1.8159479739869935,0.4402294991912595
1.8185092546273136,0.4846339304788354
1.821070535267634,0.5288857692190313
1.823631815907954,0.6175420392468032
1.8261930965482742,0.706198309274575
1.8287543771885946,0.7504501480147711
1.8313156578289147,0.7948545793023469
1.8338769384692348,0.8835108493301187
1.836438219109555,0.9721671193578906
1.838999499749875,1.0164189580980865
1.8415607803901952,1.1050752281258582
1.8441220610305156,1.1493270668660542
1.8466833416708357,1.1937314981536302
1.8492446223111558,1.282387768181402
1.851805902951476,1.326639606921598
1.854367183591796,1.4152958769493698
1.8569284642321162,1.5039521469771417
1.8594897448724363,1.5039521469771417
1.8620510255127565,1.5926084170049135
1.8646123061530766,1.6812646870326853
1.867173586793397,1.7255165257728813
1.869734867433717,1.814172795800653
1.8722961480740372,1.858577227088229
1.8748574287143573,1.9472334971160008
1.8774187093546775,2.0357371745963926
1.8799799899949976,2.0801416058839686
1.8825412706353177,2.0801416058839686
1.8851025512756379,2.1687978759117406
1.887663831915958,2.2130497146519366
1.8902251125562783,2.301705984679708
1.8927863931965985,2.346110415967284
1.8953476738369186,2.39036225470748
1.8979089544772387,2.479018524735252
1.9004702351175589,2.523270363475448
1.903031515757879,2.5676747947630236
1.9055927963981991,2.6119266335032196
1.9081540770385192,2.6563310647907956
1.9107153576788394,2.7449873348185676
1.9132766383191597,2.7449873348185676
1.9158379189594799,2.833643604846339
1.9183991995998,2.877895443586535
1.9209604802401203,2.922299874874111
1.9235217608804405,2.966551713614307
1.9260830415207606,3.010803552354503
1.9286443221610807,3.099459822382275
1.9312056028014009,3.1438642536698507
1.933766883441721,3.1438642536698507
1.9363281640820413,3.2325205236976227
1.9388894447223615,3.2767723624378187
1.9414507253626816,3.2767723624378187
1.9440120060030017,3.321176793725394
1.9465732866433219,3.3654286324655907
1.949134567283642,3.4096804712057867
1.9516958479239621,3.454084902493362
1.9542571285642822,3.498336741233558
1.9568184092046024,3.542741172521134
1.9593796898449227,3.542741172521134
1.9619409704852429,3.6313974425489057
1.964502251125563,3.6313974425489057
1.967063531765883,3.675649281289102
1.9696248124062032,3.7200537125766777
1.9721860930465234,3.7200537125766777
1.9747473736868435,3.7643055513168737
1.9773086543271636,3.8087099826044497
1.9798699349674838,3.8529618213446457
1.982431215607804,3.8529618213446457
1.9849924962481242,3.8972136600848417
1.9875537768884444,3.8972136600848417
1.9901150575287645,3.9416180913724173
1.9926763381690846,3.9858699301126133
1.9952376188094048,3.9858699301126133
1.9977988994497249,4.030274361400189
2.0003601800900452,4.030274361400189
2.002921460730365,4.074526200140386
2.0054827413706855,4.074526200140386
2.0080440220110054,4.118930631427961
2.0106053026513258,4.118930631427961
2.0131665832916457,4.118930631427961
2.0157278639319665,4.163182470168157
2.0182891445722864,4.163182470168157
2.0208504252126067,4.163182470168157
2.0234117058529266,4.163182470168157
2.025972986493247,4.207586901455733
2.028534267133567,4.207586901455733
2.0310955477738872,4.207586901455733
2.033656828414207,4.207586901455733
2.0362181090545275,4.163182470168157
2.038779389694848,4.163182470168157
2.0413406703351678,4.163182470168157
2.043901950975488,4.163182470168157
2.046463231615808,4.118930631427961
2.0490245122561284,4.074526200140386
2.0515857928964483,4.074526200140386
2.0541470735367686,4.074526200140386
2.0567083541770885,4.074526200140386
2.059269634817409,4.030274361400189
2.0618309154577292,3.9858699301126133
2.064392196098049,3.9858699301126133
2.0669534767383695,3.9858699301126133
2.0695147573786894,3.9416180913724173
2.0720760380190097,3.8972136600848417
2.0746373186593297,3.8972136600848417
2.07719859929965,3.8529618213446457
2.07975987993997,3.8087099826044497
2.0823211605802903,3.8087099826044497
2.0848824412206106,3.7643055513168737
2.0874437218609305,3.7200537125766777
2.090005002501251,3.675649281289102
2.092566283141571,3.6313974425489057
2.095127563781891,3.6313974425489057
2.0976888444222115,3.58699301126133
2.1002501250625314,3.542741172521134
2.1028114057028517,3.498336741233558
2.1053726863431717,3.454084902493362
2.107933966983492,3.4096804712057867
2.110495247623812,3.4096804712057867
2.1130565282641323,3.321176793725394
2.115617808904452,3.321176793725394
2.1181790895447725,3.2767723624378187
2.1207403701850924,3.2325205236976227
2.123301650825413,3.1438642536698507
2.1258629314657327,3.1438642536698507
2.128424212106053,3.099459822382275
2.1309854927463734,3.055207983642079
2.1335467733866937,2.966551713614307
2.1361080540270136,2.922299874874111
2.138669334667334,2.877895443586535
2.141230615307654,2.7892391735587636
2.1437918959479743,2.7449873348185676
2.146353176588294,2.7005829035309916
2.1489144572286145,2.6563310647907956
2.1514757378689344,2.5676747947630236
2.1540370185092548,2.5676747947630236
2.156598299149575,2.479018524735252
2.159159579789895,2.434766685995056
2.1617208604302154,2.39036225470748
2.1642821410705353,2.301705984679708
2.1668434217108556,2.257454145939512
2.1694047023511756,2.2130497146519366
2.171965982991496,2.1687978759117406
2.174527263631816,2.0801416058839686
2.1770885442721366,2.0357371745963926
2.1796498249124565,1.9914853358561968
2.182211105552777,1.902829065828425
2.1847723861930968,1.858577227088229
2.187333666833417,1.769920957060457
2.189894947473737,1.6812646870326853
2.1924562281140574,1.6368602557451095
2.1950175087543773,1.5482039857173377
2.1975787893946976,1.5039521469771417
2.2001400700350175,1.4152958769493698
2.202701350675338,1.3710440382091738
2.205262631315658,1.282387768181402
2.207823911955978,1.1937314981536302
2.210385192596298,1.1493270668660542
2.2129464732366184,1.0606707968382825
2.2155077538769383,1.0164189580980865
2.2180690345172587,0.9277626880703147
2.2206303151575786,0.8835108493301187
2.2231915957978994,0.7948545793023469
2.2257528764382193,0.7504501480147711
2.2283141570785396,0.6617938779869991
2.2308754377188595,0.6175420392468032
2.23343671835918,0.5288857692190313
2.2359979989995,0.4846339304788354
2.23855927963982,0.4402294991912595
2.24112056028014,0.30732139042329176
2.2436818409204604,0.2629169591357158
2.2462431215607803,0.17426068910794396
2.2488044022011007,0.13000885036774804
2.251365682841421,0.08575701162755212
2.253926963481741,-0.0027466658528397473
2.2564882441220613,-0.04715109714041567
2.259049524762381,-0.1358073671681875
2.2616108054027015,-0.22446363719595933
2.2641720860430214,-0.26871547593615525
2.2667333666833422,-0.3573717459639271
2.269294647323662,-0.40162358470412307
2.2718559279639825,-0.4902798547318949
2.2744172086043024,-0.5346842860194708
2.2769784892446228,-0.6233405560472427
2.2795397698849427,-0.7119968260750145
2.282101050525263,-0.7562486648152105
2.284662331165583,-0.8006530961027863
2.2872236118059033,-0.8891567735831781
2.289784892446223,-0.97781304361095
2.2923461730865435,-1.0664693136387218
2.2949074537268634,-1.1108737449262978
2.297468734367184,-1.1551255836664935
2.3000300150075037,-1.2437818536942655
2.302591295647824,-1.2881862849818415
2.305152576288144,-1.3766899624622333
2.3077138569284643,-1.4210943937498093
2.310275137568784,-1.5097506637775813
2.312836418209105,-1.554002502517777
2.315397698849425,-1.6426587725455488
2.3179589794897453,-1.6870632038331248
2.320520260130065,-1.7757194738608966
2.3230815407703855,-1.8642231513412886
2.3256428214107054,-1.9086275826288646
2.328204102051026,-1.9972838526566363
2.3307653826913457,-2.0415356913968323
2.333326663331666,-2.085940122684408
2.335887943971986,-2.17459639271218
2.3384492246123063,-2.2632526627399514
2.341010505252626,-2.3075045014801474
2.3435717858929466,-2.351756340220344
2.346133066533267,-2.4404126102481154
2.348694347173587,-2.4848170415356914
2.351255627813907,-2.5290688802758874
2.353816908454227,-2.617725150303659
2.3563781890945474,-2.662129581591235
2.358939469734868,-2.706381420331431
2.361500750375188,-2.750785851619007
2.364062031015508,-2.795037690359203
2.3666233116558284,-2.839289529099399
2.3691845922961483,-2.9279457991271705
2.3717458729364687,-2.9723502304147464
2.3743071535767886,-3.0166020691549424
2.376868434217109,-3.0610065004425184
2.379429714857429,-3.1052583391827144
2.381990995497749,-3.14966277047029
2.384552276138069,-3.238166447950682
2.3871135567783894,-3.282570879238258
2.3896748374187093,-3.326822717978454
2.3922361180590297,-3.37122714926603
2.3947973986993496,-3.415478988006226
2.39735867933967,-3.4598834192938015
2.39991995997999,-3.5041352580339975
2.40248124062031,-3.5485396893215735
2.4050425212606306,-3.5927915280617695
2.407603801900951,-3.637195959349345
2.410165082541271,-3.637195959349345
2.412726363181591,-3.6814477980895415
2.415287643821911,-3.7256996368297375
2.4178489244622314,-3.770104068117313
2.4204102051025513,-3.814355906857509
2.4229714857428717,-3.814355906857509
2.4255327663831916,-3.858760338145085
2.428094047023512,-3.903012176885281
2.430655327663832,-3.9474166081728566
2.433216608304152,-3.9916684469130526
2.4357778889444726,-3.9916684469130526
2.4383391695847925,-4.0360728782006285
2.440900450225113,-4.080324716940825
2.4434617308654327,-4.1247291482284005
2.446023011505753,-4.1247291482284005
2.448584292146073,-4.168980986968597
2.451145572786394,-4.168980986968597
2.4537068534267137,-4.168980986968597
2.456268134067034,-4.168980986968597
2.458829414707354,-4.213232825708792
2.4613906953476743,-4.257637256996369
2.463951975987994,-4.257637256996369
2.4665132566283146,-4.301889095736564
2.4690745372686345,-4.301889095736564
2.471635817908955,-4.301889095736564
2.4741970985492747,-4.346293527024141
2.476758379189595,-4.346293527024141
2.479319659829915,-4.301889095736564
2.4818809404702353,-4.301889095736564
2.4844422211105552,-4.257637256996369
2.4870035017508756,-4.257637256996369
2.4895647823911955,-4.257637256996369
2.492126063031516,-4.213232825708792
2.4946873436718358,-4.213232825708792
2.4972486243121566,-4.213232825708792
2.4998099049524765,-4.168980986968597
2.502371185592797,-4.168980986968597
2.5049324662331167,-4.1247291482284005
2.507493746873437,-4.1247291482284005
2.510055027513757,-4.080324716940825
2.5126163081540773,-4.0360728782006285
2.5151775887943972,-3.9916684469130526
2.5177388694347176,-3.9916684469130526
2.5203001500750375,-3.9474166081728566
2.522861430715358,-3.903012176885281
2.5254227113556778,-3.903012176885281
2.527983991995998,-3.814355906857509
2.5305452726363185,-3.814355906857509
2.5331065532766384,-3.770104068117313
2.5356678339169587,-3.7256996368297375
2.5382291145572786,-3.6814477980895415
2.5407903951975994,-3.6814477980895415
2.5433516758379193,-3.637195959349345
2.5459129564782397,-3.5927915280617695
2.5484742371185596,-3.5485396893215735
2.55103551775888,-3.5041352580339975
2.5535967983992,-3.4598834192938015
2.55615807903952,-3.4598834192938015
2.55871935967984,-3.37122714926603
2.5612806403201605,-3.37122714926603
2.5638419209604804,-3.326822717978454
2.5664032016008007,-3.238166447950682
2.5689644822411206,-3.193914609210486
2.571525762881441,-3.14966277047029
2.574087043521761,-3.1052583391827144
2.5766483241620812,-3.0610065004425184
2.579209604802401,-2.9723502304147464
2.5817708854427215,-2.8836939603869745
2.5843321660830414,-2.8836939603869745
2.5868934467233617,-2.839289529099399
2.589454727363682,-2.750785851619007
2.5920160080040024,-2.706381420331431
2.5945772886443224,-2.706381420331431
2.5971385692846427,-2.617725150303659
2.5996998499249626,-2.573473311563463
2.602261130565283,-2.5290688802758874
2.604822411205603,-2.4404126102481154
2.6073836918459232,-2.3961607715079194
2.609944972486243,-2.351756340220344
2.6125062531265635,-2.2632526627399514
2.6150675337668834,-2.218848231452376
2.6176288144072037,-2.17459639271218
2.6201900950475236,-2.085940122684408
2.622751375687844,-2.0415356913968323
2.6253126563281644,-1.9972838526566363
2.6278739369684843,-1.9086275826288646
2.6304352176088046,-1.8642231513412886
2.6329964982491245,-1.7757194738608966
2.6355577788894453,-1.6870632038331248
2.638119059529765,-1.6426587725455488
2.6406803401700856,-1.554002502517777
2.6432416208104055,-1.5097506637775813
2.645802901450726,-1.465346232490005
2.6483641820910457,-1.3324381237220375
2.650925462731366,-1.2881862849818415
2.653486743371686,-1.2437818536942655
2.6560480240120063,-1.1551255836664935
2.6586093046523263,-1.1108737449262978
2.6611705852926466,-1.022217474898526
2.6637318659329665,-0.97781304361095
2.666293146573287,-0.9335612048707541
2.6688544272136068,-0.8449049348429822
2.671415707853927,-0.7562486648152105
2.673976988494247,-0.7119968260750145
2.6765382691345674,-0.6233405560472427
2.6790995497748873,-0.5789361247596667
2.681660830415208,-0.4902798547318949
2.684222111055528,-0.44602801599169895
2.6867833916958483,-0.3573717459639271
2.6893446723361683,-0.31311990722373123
2.6919059529764886,-0.26871547593615525
2.6944672336168085,-0.1358073671681875
2.697028514257129,-0.09140293588061159
2.6995897948974488,-0.04715109714041567
2.702151075537769,0.04150517288735618
2.704712356178089,0.08575701162755212
2.7072736368184094,0.17426068910794396
2.7098349174587293,0.21866512039551989
2.7123961980990496,0.30732139042329176
2.7149574787393695,0.35157322916348765
2.71751875937969,0.4402294991912595
2.7200800400200102,0.4846339304788354
2.72264132066033,0.5731376079592272
2.725202601300651,0.6617938779869991
2.727763881940971,0.706198309274575
2.730325162581291,0.7948545793023469
2.732886443221611,0.8391064180425428
2.7354477238619315,0.8835108493301187
2.7380090045022514,0.9721671193578906
2.7405702851425717,1.0164189580980865
2.7431315657828916,1.1050752281258582
2.745692846423212,1.1493270668660542
2.748254127063532,1.2379833368938262
2.7508154077038522,1.282387768181402
2.753376688344172,1.3710440382091738
2.7559379689844925,1.4597003082369455
2.7584992496248124,1.5039521469771417
2.7610605302651328,1.5482039857173377
2.7636218109054527,1.6368602557451095
2.766183091545773,1.6812646870326853
2.768744372186093,1.769920957060457
2.7713056528264137,1.858577227088229
2.7738669334667336,1.858577227088229
2.776428214107054,1.9472334971160008
2.778989494747374,2.0357371745963926
2.7815507753876942,2.0801416058839686
2.784112056028014,2.1243934446241646
2.7866733366683345,2.2130497146519366
2.7892346173086544,2.257454145939512
2.7917958979489748,2.301705984679708
2.7943571785892947,2.346110415967284
2.796918459229615,2.434766685995056
2.799479739869935,2.479018524735252
2.8020410205102553,2.523270363475448
2.804602301150575,2.5676747947630236
2.8071635817908955,2.6119266335032196
2.8097248624312154,2.7005829035309916
2.812286143071536,2.7449873348185676
2.814847423711856,2.7892391735587636
2.8174087043521765,2.833643604846339
2.819969984992497,2.877895443586535
2.8225312656328168,2.922299874874111
2.825092546273137,3.010803552354503
2.827653826913457,3.055207983642079
2.8302151075537774,3.099459822382275
2.8327763881940973,3.1438642536698507
2.8353376688344176,3.1881160924100467
2.8378989494747375,3.2767723624378187
2.840460230115058,3.2767723624378187
2.843021510755378,3.321176793725394
2.845582791395698,3.3654286324655907
2.848144072036018,3.4096804712057867
2.8507053526763384,3.4096804712057867
2.8532666333166583,3.498336741233558
2.8558279139569787,3.498336741233558
2.8583891945972986,3.542741172521134
2.860950475237619,3.58699301126133
2.8635117558779393,3.58699301126133
2.8660730365182596,3.6313974425489057
2.8686343171585795,3.675649281289102
2.8711955977989,3.675649281289102
2.87375687843922,3.7643055513168737
2.87631815907954,3.8087099826044497
2.87887943971986,3.8087099826044497
2.8814407203601804,3.8529618213446457
2.8840020010005003,3.8529618213446457
2.8865632816408207,3.8972136600848417
2.8891245622811406,3.9416180913724173
2.891685842921461,3.9416180913724173
2.894247123561781,3.9858699301126133
2.896808404202101,3.9858699301126133
2.899369684842421,4.030274361400189
2.9019309654827414,4.030274361400189
2.904492246123062,4.074526200140386
2.9070535267633817,4.074526200140386
2.9096148074037025,4.074526200140386
2.9121760880440224,4.118930631427961
2.9147373686843427,4.118930631427961
2.9172986493246627,4.163182470168157
2.919859929964983,4.163182470168157
2.922421210605303,4.163182470168157
2.9249824912456233,4.163182470168157
2.927543771885943,4.207586901455733
2.9301050525262635,4.207586901455733
2.9326663331665834,4.207586901455733
2.935227613806904,4.207586901455733
2.9377888944472237,4.163182470168157
2.940350175087544,4.163182470168157
2.942911455727864,4.163182470168157
2.9454727363681843,4.118930631427961
2.948034017008504,4.118930631427961
2.9505952976488246,4.074526200140386
2.9531565782891445,4.074526200140386
2.9557178589294653,4.074526200140386
2.958279139569785,4.030274361400189
2.9608404202101055,4.030274361400189
2.9634017008504254,3.9858699301126133
2.9659629814907458,3.9858699301126133
2.9685242621310657,3.9416180913724173
2.971085542771386,3.9416180913724173
2.973646823411706,3.8972136600848417
2.9762081040520263,3.8529618213446457
2.978769384692346,3.8529618213446457
2.9813306653326666,3.8087099826044497
2.9838919459729865,3.7643055513168737
2.986453226613307,3.7200537125766777
2.9890145072536267,3.7200537125766777
2.991575787893947,3.6313974425489057
2.994137068534267,3.6313974425489057
2.9966983491745873,3.58699301126133
2.999259629814908,3.542741172521134
3.001820910455228,3.498336741233558
3.0043821910955484,3.498336741233558
3.0069434717358683,3.454084902493362
3.0095047523761886,3.4096804712057867
3.0120660330165085,3.3654286324655907
3.014627313656829,3.321176793725394
3.017188594297149,3.2767723624378187
3.019749874937469,3.2767723624378187
3.022311155577789,3.1881160924100467
3.0248724362181094,3.1438642536698507
3.0274337168584293,3.099459822382275
3.0299949974987497,3.055207983642079
3.0325562781390696,3.010803552354503
3.03511755877939,2.966551713614307
3.03767883941971,2.922299874874111
3.04024012006003,2.833643604846339
3.04280140070035,2.7892391735587636
3.045362681340671,2.7449873348185676
3.047923961980991,2.7005829035309916
3.050485242621311,2.6119266335032196
3.053046523261631,2.5676747947630236
3.0556078039019514,2.523270363475448
3.0581690845422713,2.434766685995056
3.0607303651825917,2.434766685995056
3.0632916458229116,2.39036225470748
3.065852926463232,2.301705984679708
3.068414207103552,2.257454145939512
3.070975487743872,2.1687978759117406
3.073536768384192,2.1243934446241646
3.0760980490245124,2.0801416058839686
3.0786593296648324,2.0357371745963926
3.0812206103051527,1.9472334971160008
3.0837818909454726,1.902829065828425
3.086343171585793,1.814172795800653
3.088904452226113,1.7255165257728813
3.0914657328664337,1.6812646870326853
3.094027013506754,1.5926084170049135
3.096588294147074,1.5482039857173377
3.0991495747873943,1.4597003082369455
3.101710855427714,1.4152958769493698
3.1042721360680345,1.326639606921598
3.1068334167083544,1.282387768181402
3.109394697348675,1.1937314981536302
3.1119559779889947,1.1493270668660542
3.114517258629315,1.0606707968382825
3.117078539269635,1.0164189580980865
3.1196398199099553,0.9277626880703147
3.122201100550275,0.8835108493301187
3.1247623811905956,0.7948545793023469
3.1273236618309155,0.706198309274575
3.129884942471236,0.6617938779869991
3.1324462231115557,0.6175420392468032
3.135007503751876,0.5288857692190313
3.137568784392196,0.4402294991912595
3.140130065032517,0.3959776604510636
3.1426913456728367,0.30732139042329176
3.145252626313157,0.2629169591357158
3.147813906953477,0.17426068910794396
3.1503751875937973,0.13000885036774804
3.152936468234117,0.04150517288735618
3.1554977488744376,-0.0027466658528397473
3.1580590295147575,-0.09140293588061159
3.160620310155078,-0.1358073671681875
3.1631815907953977,-0.22446363719595933
3.165742871435718,-0.26871547593615525
3.168304152076038,-0.3573717459639271
3.1708654327163583,-0.44602801599169895
3.1734267133566783,-0.4902798547318949
3.1759879939969986,-0.5789361247596667
3.1785492746373185,-0.6233405560472427
3.181110555277639,-0.7119968260750145
3.1836718359179588,-0.8006530961027863
3.1862331165582796,-0.8449049348429822
3.1887943971986,-0.8891567735831781
3.19135567783892,-0.97781304361095
3.19391695847924,-1.0664693136387218
3.19647823911956,-1.1108737449262978
3.1990395197598804,-1.1995300149540697
3.2016008004002003,-1.2881862849818415
3.2041620810405207,-1.3324381237220375
3.2067233616808406,-1.3766899624622333
3.209284642321161,-1.465346232490005
3.211845922961481,-1.5097506637775813
3.214407203601801,-1.598406933805353
3.216968484242121,-1.6426587725455488
3.2195297648824415,-1.7313150425733206
3.2220910455227614,-1.8199713126010924
3.2246523261630817,-1.8642231513412886
3.2272136068034016,-1.9528794213690603
3.2297748874437224,-1.9972838526566363
3.2323361680840423,-2.0415356913968323
3.2348974487243627,-2.130191961424604
3.2374587293646826,-2.218848231452376
3.240020010005003,-2.2632526627399514
3.242581290645323,-2.351756340220344
3.245142571285643,-2.3961607715079194
3.247703851925963,-2.4404126102481154
3.2502651325662835,-2.5290688802758874
3.2528264132066034,-2.5290688802758874
3.2553876938469237,-2.617725150303659
3.2579489744872436,-2.662129581591235
3.260510255127564,-2.706381420331431
3.263071535767884,-2.750785851619007
3.2656328164082042,-2.839289529099399
3.268194097048524,-2.8836939603869745
3.2707553776888445,-2.9279457991271705
3.2733166583291644,-2.9723502304147464
3.275877938969485,-3.0610065004425184
3.2784392196098056,-3.1052583391827144
3.2810005002501255,-3.14966277047029
3.283561780890446,-3.193914609210486
3.2861230615307657,-3.238166447950682
3.288684342171086,-3.282570879238258
3.291245622811406,-3.326822717978454
3.2938069034517263,-3.415478988006226
3.2963681840920462,-3.4598834192938015
3.2989294647323666,-3.5041352580339975
3.3014907453726865,-3.5041352580339975
3.304052026013007,-3.5485396893215735
3.3066133066533268,-3.5927915280617695
3.309174587293647,-3.637195959349345
3.311735867933967,-3.6814477980895415
3.3142971485742874,-3.6814477980895415
3.3168584292146073,-3.7256996368297375
3.3194197098549276,-3.770104068117313
3.321980990495248,-3.814355906857509
3.3245422711355683,-3.814355906857509
3.3271035517758882,-3.858760338145085
3.3296648324162086,-3.9474166081728566
3.3322261130565285,-3.9474166081728566
3.334787393696849,-3.9916684469130526
3.3373486743371688,-3.9916684469130526
3.339909954977489,-4.0360728782006285
3.342471235617809,-4.080324716940825
3.3450325162581294,-4.1247291482284005
3.3475937968984493,-4.1247291482284005
3.3501550775387696,-4.168980986968597
3.3527163581790895,-4.168980986968597
3.35527763881941,-4.168980986968597
3.35783891945973,-4.213232825708792
3.36040020010005,-4.257637256996369
3.36296148074037,-4.257637256996369
3.3655227613806904,-4.257637256996369
3.3680840420210107,-4.301889095736564
3.370645322661331,-4.301889095736564
3.3732066033016515,-4.346293527024141
3.3757678839419714,-4.346293527024141
3.3783291645822917,-4.346293527024141
3.3808904452226116,-4.301889095736564
3.383451725862932,-4.301889095736564
3.386013006503252,-4.301889095736564
3.3885742871435722,-4.257637256996369
3.391135567783892,-4.257637256996369
3.3936968484242125,-4.213232825708792
3.3962581290645324,-4.213232825708792
3.3988194097048527,-4.168980986968597
3.4013806903451727,-4.168980986968597
3.403941970985493,-4.1247291482284005
3.406503251625813,-4.1247291482284005
3.4090645322661333,-4.080324716940825
3.411625812906453,-4.0360728782006285
3.414187093546774,-4.0360728782006285
3.416748374187094,-3.9916684469130526
3.4193096548274142,-3.9916684469130526
3.421870935467734,-3.9474166081728566
3.4244322161080545,-3.903012176885281
3.4269934967483744,-3.858760338145085
3.4295547773886947,-3.814355906857509
3.4321160580290146,-3.814355906857509
3.434677338669335,-3.7256996368297375
3.437238619309655,-3.7256996368297375
3.4397998999499753,-3.6814477980895415
3.442361180590295,-3.637195959349345
3.4449224612306155,-3.5927915280617695
3.4474837418709354,-3.5927915280617695
3.4500450225112558,-3.5485396893215735
3.4526063031515757,-3.5041352580339975
3.455167583791896,-3.4598834192938015
3.457728864432216,-3.415478988006226
3.4602901450725367,-3.37122714926603
3.4628514257128566,-3.326822717978454
3.465412706353177,-3.282570879238258
3.4679739869934973,-3.238166447950682
3.4705352676338173,-3.193914609210486
3.4730965482741376,-3.1052583391827144
3.4756578289144575,-3.0610065004425184
3.478219109554778,-3.0610065004425184
3.4807803901950978,-2.9723502304147464
3.483341670835418,-2.9279457991271705
3.485902951475738,-2.8836939603869745
3.4884642321160584,-2.795037690359203
3.4910255127563783,-2.750785851619007
3.4935867933966986,-2.706381420331431
3.4961480740370185,-2.662129581591235
3.498709354677339,-2.617725150303659
3.501270635317659,-2.573473311563463
3.5038319159579796,-2.4848170415356914
3.5063931965982995,-2.4404126102481154
3.50895447723862,-2.3961607715079194
3.5115157578789398,-2.351756340220344
3.51407703851926,-2.2632526627399514
3.51663831915958,-2.218848231452376
3.5191995997999004,-2.130191961424604
3.5217608804402203,-2.085940122684408
3.5243221610805406,-2.0415356913968323
3.5268834417208605,-1.9528794213690603
3.529444722361181,-1.8642231513412886
3.532006003001501,-1.8199713126010924
3.534567283641821,-1.7313150425733206
3.537128564282141,-1.6870632038331248
3.5396898449224614,-1.598406933805353
3.5422511255627813,-1.5097506637775813
3.5448124062031017,-1.465346232490005
3.5473736868434216,-1.4210943937498093
3.5499349674837424,-1.3324381237220375
3.5524962481240623,-1.2881862849818415
3.5550575287643826,-1.1995300149540697
3.5576188094047025,-1.1551255836664935
3.560180090045023,-1.1108737449262978
3.5627413706853432,-0.97781304361095
3.565302651325663,-0.97781304361095
3.5678639319659835,-0.8891567735831781
3.5704252126063034,-0.8006530961027863
3.5729864932466238,-0.7562486648152105
3.5755477738869437,-0.7119968260750145
3.578109054527264,-0.6233405560472427
3.580670335167584,-0.5346842860194708
3.5832316158079043,-0.4902798547318949
3.585792896448224,-0.40162358470412307
3.5883541770885445,-0.3573717459639271
3.5909154577288644,-0.26871547593615525
3.593476738369185,-0.18005920590838342
3.596038019009505,-0.1358073671681875
3.5985992996498255,-0.09140293588061159
3.6011605802901454,-0.0027466658528397473
3.6037218609304658,0.04150517288735618
3.6062831415707857,0.13000885036774804
3.608844422211106,0.17426068910794396
3.611405702851426,0.2629169591357158
3.6139669834917463,0.30732139042329176
3.616528264132066,0.3959776604510636
3.6190895447723865,0.4402294991912595
3.6216508254127064,0.5288857692190313
3.624212106053027,0.6175420392468032
3.6267733866933467,0.6617938779869991
3.629334667333667,0.7504501480147711
3.631895947973987,0.7948545793023469
3.6344572286143073,0.8391064180425428
3.637018509254627,0.9277626880703147
3.6395797898949476,0.9721671193578906
3.642141070535268,1.0606707968382825
3.6447023511755883,1.1050752281258582
3.647263631815908,1.1937314981536302
3.6498249124562285,1.2379833368938262
3.6523861930965484,1.326639606921598
3.654947473736869,1.3710440382091738
3.657508754377189,1.4597003082369455
3.660070035017509,1.5482039857173377
3.6626313156578294,1.5926084170049135
3.6651925962981493,1.6368602557451095
3.6677538769384697,1.7255165257728813
3.6703151575787896,1.814172795800653
3.67287643821911,1.858577227088229
3.67543771885943,1.9472334971160008
3.67799899949975,1.9914853358561968
3.68056028014007,2.0357371745963926
3.6831215607803904,2.1243934446241646
3.6856828414207103,2.1687978759117406
3.688244122061031,2.2130497146519366
3.690805402701351,2.301705984679708
3.6933666833416714,2.301705984679708
3.6959279639819913,2.39036225470748
3.6984892446223117,2.434766685995056
3.7010505252626316,2.479018524735252
3.703611805902952,2.523270363475448
3.706173086543272,2.6119266335032196
3.708734367183592,2.6119266335032196
3.711295647823912,2.7005829035309916
3.7138569284642324,2.7892391735587636
3.7164182091045523,2.7892391735587636
3.7189794897448727,2.833643604846339
3.7215407703851926,2.922299874874111
3.724102051025513,2.966551713614307
3.726663331665833,3.010803552354503
3.729224612306153,3.055207983642079
3.731785892946473,3.099459822382275
3.734347173586794,3.1438642536698507
3.736908454227114,3.1881160924100467
3.739469734867434,3.2767723624378187
3.742031015507754,3.2767723624378187
3.7445922961480744,3.321176793725394
3.747153576788395,3.3654286324655907
3.7497148574287147,3.4096804712057867
3.752276138069035,3.454084902493362
3.754837418709355,3.498336741233558
3.7573986993496753,3.498336741233558
3.759959979989995,3.542741172521134
3.7625212606303156,3.58699301126133
3.7650825412706355,3.6313974425489057
3.767643821910956,3.6313974425489057
3.7702051025512757,3.675649281289102
3.772766383191596,3.7200537125766777
3.775327663831916,3.7643055513168737
3.7778889444722368,3.8087099826044497
3.7804502251125567,3.8529618213446457
3.783011505752877,3.8529618213446457
3.785572786393197,3.8972136600848417
3.7881340670335173,3.8972136600848417
3.790695347673837,3.9416180913724173
3.7932566283141576,3.9858699301126133
3.7958179089544775,3.9858699301126133
3.798379189594798,4.030274361400189
3.8009404702351177,4.030274361400189
3.803501750875438,4.030274361400189
3.806063031515758,4.074526200140386
3.8086243121560783,4.118930631427961
3.8111855927963982,4.118930631427961
3.8137468734367186,4.118930631427961
3.8163081540770385,4.118930631427961
3.818869434717359,4.163182470168157
3.8214307153576788,4.163182470168157
3.8239919959979995,4.163182470168157
3.8265532766383195,4.207586901455733
3.82911455727864,4.207586901455733
3.8316758379189597,4.163182470168157
3.83423711855928,4.207586901455733
3.8367983991996,4.207586901455733
3.8393596798399203,4.163182470168157
3.8419209604802407,4.163182470168157
3.8444822411205606,4.118930631427961
3.847043521760881,4.163182470168157
3.849604802401201,4.118930631427961
3.852166083041521,4.118930631427961
3.854727363681841,4.074526200140386
3.8572886443221615,4.074526200140386
3.8598499249624814,4.030274361400189
3.8624112056028017,4.030274361400189
3.8649724862431216,3.9858699301126133
3.867533766883442,3.9416180913724173
3.870095047523762,3.9416180913724173
3.8726563281640827,3.8972136600848417
3.8752176088044026,3.8972136600848417
3.877778889444723,3.8529618213446457
3.880340170085043,3.8087099826044497
3.882901450725363,3.7643055513168737
3.885462731365683,3.7643055513168737
3.8880240120060034,3.7200537125766777
3.8905852926463234,3.675649281289102
3.8931465732866437,3.675649281289102
3.8957078539269636,3.6313974425489057
3.898269134567284,3.58699301126133
3.900830415207604,3.542741172521134
3.9033916958479242,3.498336741233558
3.905952976488244,3.498336741233558
3.9085142571285645,3.454084902493362
3.9110755377688844,3.4096804712057867
3.9136368184092047,3.3654286324655907
3.9161980990495247,3.321176793725394
3.9187593796898454,3.2767723624378187
3.9213206603301654,3.2767723624378187
3.9238819409704857,3.1881160924100467
3.9264432216108056,3.1438642536698507
3.929004502251126,3.099459822382275
3.931565782891446,3.055207983642079
3.934127063531766,2.966551713614307
3.9366883441720866,2.922299874874111
3.9392496248124065,2.877895443586535
3.941810905452727,2.833643604846339
3.9443721860930467,2.7892391735587636
3.946933466733367,2.7449873348185676
3.949494747373687,2.6563310647907956
3.9520560280140073,2.6119266335032196
3.9546173086543273,2.5676747947630236
3.9571785892946476,2.523270363475448
3.9597398699349675,2.434766685995056
3.9623011505752883,2.39036225470748
3.964862431215608,2.346110415967284
3.9674237118559286,2.301705984679708
3.9699849924962485,2.2130497146519366
3.972546273136569,2.1687978759117406
3.9751075537768887,2.1243934446241646
3.977668834417209,2.0357371745963926
3.980230115057529,1.9472334971160008
3.9827913956978493,1.9472334971160008
3.9853526763381693,1.858577227088229
3.9879139569784896,1.769920957060457
3.9904752376188095,1.7255165257728813
3.99303651825913,1.6368602557451095
3.9955977988994498,1.5926084170049135
3.99815907953977,1.5039521469771417
4.0007203601800905,1.4597003082369455
4.00328164082041,1.3710440382091738
4.00584292146073,1.326639606921598
4.008404202101051,1.2379833368938262
4.010965482741371,1.1493270668660542
4.013526763381691,1.1050752281258582
4.016088044022011,1.0164189580980865
4.018649324662332,0.9721671193578906
4.0212106053026515,0.9277626880703147
4.023771885942971,0.8391064180425428
4.026333166583291,0.7948545793023469
4.028894447223612,0.706198309274575
4.031455727863933,0.6617938779869991
4.034017008504253,0.5731376079592272
4.036578289144573,0.4846339304788354
4.039139569784893,0.4402294991912595
4.041700850425213,0.35157322916348765
4.044262131065533,0.30732139042329176
4.046823411705853,0.21866512039551989
4.049384692346173,0.13000885036774804
4.051945972986494,0.08575701162755212
4.054507253626814,-0.0027466658528397473
4.057068534267134,-0.04715109714041567
4.059629814907454,-0.09140293588061159
4.0621910955477745,-0.22446363719595933
4.064752376188094,-0.26871547593615525
4.067313656828414,-0.31311990722373123
4.069874937468734,-0.40162358470412307
4.072436218109055,-0.44602801599169895
4.074997498749375,-0.5346842860194708
4.077558779389696,-0.5789361247596667
4.080120060030016,-0.6675923947874386
4.0826813406703355,-0.7119968260750145
4.085242621310655,-0.8006530961027863
4.087803901950976,-0.8449049348429822
4.090365182591296,-0.9335612048707541
4.092926463231616,-0.97781304361095
4.095487743871936,-1.0664693136387218
4.098049024512257,-1.1551255836664935
4.100610305152577,-1.1995300149540697
4.1031715857928965,-1.2881862849818415
4.105732866433216,-1.3324381237220375
4.108294147073537,-1.4210943937498093
4.110855427713857,-1.465346232490005
4.113416708354177,-1.554002502517777
4.115977988994497,-1.598406933805353
4.118539269634818,-1.6870632038331248
4.121100550275138,-1.7757194738608966
4.1236618309154585,-1.8199713126010924
4.126223111555778,-1.8642231513412886
4.128784392196098,-1.9528794213690603
4.131345672836419,-2.0415356913968323
4.133906953476739,-2.085940122684408
4.136468234117059,-2.17459639271218
4.139029514757379,-2.218848231452376
4.1415907953977,-2.2632526627399514
4.1441520760380195,-2.351756340220344
4.146713356678339,-2.3961607715079194
4.149274637318659,-2.4848170415356914
4.15183591795898,-2.5290688802758874
4.1543971985993,-2.573473311563463
4.15695847923962,-2.617725150303659
4.15951975987994,-2.706381420331431
4.162081040520261,-2.750785851619007
4.1646423211605805,-2.795037690359203
4.167203601800901,-2.839289529099399
4.169764882441221,-2.8836939603869745
4.172326163081541,-2.9279457991271705
4.174887443721861,-3.0166020691549424
4.177448724362182,-3.0610065004425184
4.180010005002502,-3.1052583391827144
4.182571285642822,-3.14966277047029
4.185132566283142,-3.193914609210486
4.187693846923462,-3.282570879238258
4.190255127563782,-3.326822717978454
4.192816408204102,-3.37122714926603
4.195377688844423,-3.415478988006226
4.197938969484743,-3.4598834192938015
4.200500250125063,-3.4598834192938015
4.203061530765383,-3.5485396893215735
4.2056228114057035,-3.5927915280617695
4.208184092046023,-3.5927915280617695
4.210745372686343,-3.637195959349345
4.213306653326663,-3.6814477980895415
4.215867933966984,-3.7256996368297375
4.218429214607304,-3.770104068117313
4.220990495247624,-3.770104068117313
4.223551775887945,-3.814355906857509
4.2261130565282645,-3.858760338145085
4.228674337168584,-3.903012176885281
4.231235617808904,-3.903012176885281
4.233796898449225,-3.9474166081728566
4.236358179089545,-3.9916684469130526
4.238919459729865,-4.0360728782006285
4.241480740370185,-4.0360728782006285
4.244042021010506,-4.080324716940825
4.246603301650826,-4.1247291482284005
4.2491645822911455,-4.168980986968597
4.251725862931465,-4.168980986968597
4.254287143571786,-4.168980986968597
4.256848424212106,-4.213232825708792
4.259409704852426,-4.213232825708792
4.261970985492747,-4.257637256996369
4.264532266133068,-4.257637256996369
4.2670935467733875,-4.301889095736564
4.269654827413707,-4.301889095736564
4.272216108054027,-4.301889095736564
4.274777388694348,-4.346293527024141
4.277338669334668,-4.346293527024141
4.279899949974988,-4.346293527024141
4.282461230615308,-4.301889095736564
4.285022511255629,-4.301889095736564
4.2875837918959485,-4.257637256996369
4.290145072536268,-4.257637256996369
4.292706353176588,-4.213232825708792
4.295267633816909,-4.213232825708792
4.297828914457229,-4.168980986968597
4.300390195097549,-4.168980986968597
4.302951475737869,-4.168980986968597
4.30551275637819,-4.1247291482284005
4.3080740370185096,-4.1247291482284005
4.3106353176588295,-4.080324716940825
4.31319659829915,-4.0360728782006285
4.31575787893947,-4.0360728782006285
4.31831915957979,-3.9916684469130526
4.32088044022011,-3.9474166081728566
4.323441720860431,-3.9474166081728566
4.326003001500751,-3.903012176885281
4.328564282141071,-3.858760338145085
4.3311255627813905,-3.814355906857509
4.333686843421711,-3.770104068117313
4.336248124062031,-3.770104068117313
4.338809404702351,-3.7256996368297375
4.341370685342671,-3.6814477980895415
4.343931965982992,-3.637195959349345
4.346493246623312,-3.5927915280617695
4.349054527263632,-3.5927915280617695
4.3516158079039515,-3.5485396893215735
4.354177088544273,-3.5041352580339975
4.356738369184593,-3.4598834192938015
4.359299649824913,-3.415478988006226
4.361860930465233,-3.37122714926603
4.364422211105554,-3.326822717978454
4.366983491745874,-3.282570879238258
4.3695447723861935,-3.238166447950682
4.3721060530265135,-3.14966277047029
4.374667333666834,-3.1052583391827144
4.377228614307154,-3.0610065004425184
4.379789894947474,-3.0166020691549424
4.382351175587794,-2.9723502304147464
4.384912456228115,-2.8836939603869745
4.387473736868435,-2.839289529099399
4.390035017508755,-2.795037690359203
4.3925962981490745,-2.750785851619007
4.395157578789395,-2.706381420331431
4.397718859429715,-2.662129581591235
4.400280140070035,-2.573473311563463
4.402841420710356,-2.5290688802758874
4.405402701350676,-2.4848170415356914
4.407963981990996,-2.4404126102481154
4.410525262631316,-2.351756340220344
4.413086543271636,-2.3075045014801474
4.415647823911956,-2.2632526627399514
4.418209104552276,-2.17459639271218
4.420770385192596,-2.130191961424604
4.423331665832917,-2.0415356913968323
4.425892946473237,-1.9972838526566363
4.428454227113557,-1.9086275826288646
4.431015507753877,-1.8642231513412886
4.433576788394197,-1.7757194738608966
4.436138069034517,-1.7313150425733206
4.438699349674837,-1.6426587725455488
4.441260630315157,-1.554002502517777
4.443821910955479,-1.5097506637775813
4.446383191595799,-1.465346232490005
4.448944472236119,-1.3766899624622333
4.451505752876439,-1.3324381237220375
4.454067033516759,-1.2437818536942655
4.456628314157079,-1.1995300149540697
4.459189594797399,-1.1108737449262978
4.461750875437719,-1.0664693136387218
4.46431215607804,-0.97781304361095
4.46687343671836,-0.9335612048707541
4.46943471735868,-0.8449049348429822
4.471995997999,-0.8006530961027863
4.47455727863932,-0.7119968260750145
4.47711855927964,-0.6675923947874386
4.47967983991996,-0.5789361247596667
4.48224112056028,-0.5346842860194708
4.484802401200601,-0.44602801599169895
4.487363681840921,-0.40162358470412307
4.489924962481241,-0.31311990722373123
4.492486243121561,-0.26871547593615525
4.495047523761881,-0.22446363719595933
4.497608804402201,-0.1358073671681875
4.500170085042521,-0.04715109714041567
4.502731365682842,-0.0027466658528397473
4.505292646323162,0.08575701162755212
4.507853926963482,0.13000885036774804
4.510415207603802,0.21866512039551989
4.512976488244123,0.2629169591357158
4.5155377688844425,0.35157322916348765
4.518099049524762,0.3959776604510636
4.520660330165082,0.4846339304788354
4.523221610805403,0.5288857692190313
4.525782891445723,0.6175420392468032
4.528344172086043,0.6617938779869991
4.530905452726363,0.7504501480147711
4.5334667333666845,0.7948545793023469
4.536028014007004,0.8835108493301187
4.538589294647324,0.9721671193578906
4.541150575287644,1.0164189580980865
4.543711855927965,1.0606707968382825
4.546273136568285,1.1493270668660542
4.548834417208605,1.1937314981536302
4.551395697848925,1.282387768181402
4.5539569784892455,1.326639606921598
4.556518259129565,1.3710440382091738
4.559079539769885,1.5039521469771417
4.561640820410205,1.5482039857173377
4.564202101050526,1.5926084170049135
4.566763381690846,1.6812646870326853
4.569324662331166,1.7255165257728813
4.571885942971486,1.814172795800653
4.574447223611807,1.858577227088229
4.5770085042521265,1.9472334971160008
4.579569784892446,1.9914853358561968
4.582131065532766,2.0801416058839686
4.584692346173087,2.1243934446241646
4.587253626813407,2.1687978759117406
4.589814907453727,2.2130497146519366
4.592376188094048,2.301705984679708
4.594937468734368,2.346110415967284
4.5974987493746875,2.39036225470748
4.600060030015007,2.434766685995056
4.602621310655328,2.479018524735252
4.605182591295648,2.5676747947630236
4.607743871935968,2.5676747947630236
4.610305152576288,2.6563310647907956
4.612866433216609,2.7449873348185676
4.615427713856929,2.7892391735587636
4.6179889944972485,2.833643604846339
4.620550275137568,2.877895443586535
4.623111555777889,2.922299874874111
4.62567283641821,2.966551713614307
4.62823411705853,3.055207983642079
4.63079539769885,3.099459822382275
4.633356678339171,3.1438642536698507
4.6359179589794905,3.1881160924100467
4.6384792396198105,3.2325205236976227
4.64104052026013,3.2767723624378187
4.643601800900451,3.321176793725394
4.646163081540771,3.321176793725394
4.648724362181091,3.3654286324655907
4.651285642821411,3.4096804712057867
4.653846923461732,3.454084902493362
4.656408204102052,3.498336741233558
4.6589694847423715,3.542741172521134
4.661530765382691,3.542741172521134
4.664092046023012,3.58699301126133
4.666653326663332,3.6313974425489057
4.669214607303652,3.675649281289102
4.671775887943972,3.7200537125766777
4.674337168584293,3.7643055513168737
4.676898449224613,3.8087099826044497
4.6794597298649325,3.8087099826044497
4.682021010505252,3.8087099826044497
4.684582291145573,3.8529618213446457
4.687143571785893,3.8972136600848417
4.689704852426213,3.8972136600848417
4.692266133066534,3.9416180913724173
4.694827413706854,3.9858699301126133
4.697388694347174,3.9858699301126133
4.699949974987494,3.9858699301126133
4.702511255627814,4.030274361400189
4.705072536268134,4.030274361400189
4.707633816908454,4.074526200140386
4.710195097548774,4.118930631427961
4.712756378189095,4.118930631427961
4.715317658829415,4.118930631427961
4.717878939469736,4.163182470168157
4.7204402201100555,4.163182470168157
4.723001500750376,4.163182470168157
4.725562781390696,4.207586901455733
4.728124062031016,4.163182470168157
4.730685342671336,4.207586901455733
4.733246623311657,4.207586901455733
4.735807903951977,4.163182470168157
4.738369184592297,4.207586901455733
4.7409304652326165,4.163182470168157
4.743491745872937,4.163182470168157
4.746053026513257,4.163182470168157
4.748614307153577,4.118930631427961
4.751175587793897,4.074526200140386
4.753736868434218,4.074526200140386
4.756298149074538,4.074526200140386
4.758859429714858,4.030274361400189
4.7614207103551776,4.030274361400189
4.763981990995498,3.9858699301126133
4.766543271635818,3.9858699301126133
4.769104552276138,3.9858699301126133
4.771665832916458,3.9416180913724173
4.774227113556779,3.8972136600848417
4.776788394197099,3.8972136600848417
4.779349674837419,3.8529618213446457
4.7819109554777395,3.8087099826044497
4.784472236118059,3.8087099826044497
4.787033516758379,3.7643055513168737
4.789594797398699,3.7200537125766777
4.79215607803902,3.675649281289102
4.79471735867934,3.6313974425489057
4.79727863931966,3.6313974425489057
4.79983991995998,3.58699301126133
4.8024012006003005,3.542741172521134
4.80496248124062,3.498336741233558
4.80752376188094,3.454084902493362
4.810085042521261,3.4096804712057867
4.812646323161582,3.3654286324655907
4.815207603801902,3.321176793725394
4.817768884442222,3.321176793725394
4.820330165082542,3.2767723624378187
4.822891445722862,3.2325205236976227
4.825452726363182,3.1881160924100467
4.828014007003502,3.1438642536698507
4.830575287643822,3.055207983642079
4.833136568284143,3.010803552354503
4.835697848924463,2.966551713614307
4.838259129564783,2.922299874874111
4.840820410205103,2.877895443586535
4.8433816908454235,2.7892391735587636
4.845942971485743,2.7449873348185676
4.848504252126063,2.7005829035309916
4.851065532766383,2.6563310647907956
4.853626813406704,2.6119266335032196
4.856188094047024,2.523270363475448
4.858749374687344,2.479018524735252
4.861310655327664,2.434766685995056
4.8638719359679845,2.39036225470748
4.866433216608304,2.346110415967284
4.868994497248624,2.257454145939512
4.871555777888945,2.2130497146519366
4.874117058529265,2.1687978759117406
4.876678339169585,2.0801416058839686
4.879239619809905,2.0357371745963926
4.881800900450226,1.9914853358561968
4.8843621810905455,1.902829065828425
4.8869234617308654,1.858577227088229
4.889484742371185,1.769920957060457
4.892046023011506,1.6812646870326853
4.894607303651826,1.5926084170049135
4.897168584292146,1.5482039857173377
4.899729864932466,1.5039521469771417
4.902291145572788,1.4152958769493698
4.9048524262131075,1.3710440382091738
4.907413706853427,1.282387768181402
4.909974987493747,1.2379833368938262
4.912536268134068,1.1493270668660542
4.915097548774388,1.0606707968382825
4.917658829414708,1.0164189580980865
4.920220110055028,0.9721671193578906
4.922781390695349,0.8835108493301187
4.9253426713356685,0.7948545793023469
4.927903951975988,0.7504501480147711
4.930465232616308,0.6617938779869991
4.933026513256629,0.6175420392468032
4.935587793896949,0.5731376079592272
4.938149074537269,0.4846339304788354
4.940710355177589,0.3959776604510636
4.94327163581791,0.35157322916348765
4.9458329164582295,0.2629169591357158
4.948394197098549,0.21866512039551989
4.950955477738869,0.13000885036774804
4.95351675837919,0.08575701162755212
4.95607803901951,-0.0027466658528397473
4.95863931965983,-0.09140293588061159
4.96120060030015,-0.1358073671681875
4.963761880940471,-0.22446363719595933
4.966323161580791,-0.26871547593615525
4.9688844422211105,-0.3573717459639271
4.971445722861431,-0.40162358470412307
4.974007003501751,-0.4902798547318949
4.976568284142071,-0.5346842860194708
4.979129564782391,-0.6233405560472427
4.981690845422712,-0.7119968260750145
4.984252126063032,-0.7562486648152105
4.986813406703352,-0.8006530961027863
4.9893746873436715,-0.8891567735831781
4.991935967983993,-0.97781304361095
4.994497248624313,-1.022217474898526
4.997058529264633,-1.1108737449262978
4.999619809904953,-1.1551255836664935
5.002181090545274,-1.2437818536942655
5.004742371185594,-1.2881862849818415
5.0073036518259135,-1.3766899624622333
5.009864932466233,-1.4210943937498093
5.012426213106554,-1.5097506637775813
5.014987493746874,-1.554002502517777
5.017548774387194,-1.6426587725455488
5.020110055027514,-1.7313150425733206
5.022671335667835,-1.7757194738608966
5.025232616308155,-1.8199713126010924
5.027793896948475,-1.9086275826288646
5.0303551775887945,-1.9972838526566363
5.032916458229115,-2.0415356913968323
5.035477738869435,-2.085940122684408
5.038039019509755,-2.17459639271218
5.040600300150075,-2.2632526627399514
5.043161580790396,-2.351756340220344
5.045722861430716,-2.351756340220344
5.048284142071036,-2.3961607715079194
5.0508454227113555,-2.4848170415356914
5.053406703351676,-2.5290688802758874
5.055967983991996,-2.573473311563463
5.058529264632316,-2.662129581591235
5.061090545272637,-2.706381420331431
5.063651825912957,-2.750785851619007
5.066213106553277,-2.795037690359203
5.068774387193597,-2.839289529099399
5.071335667833917,-2.9279457991271705
5.073896948474237,-2.9723502304147464
5.076458229114557,-3.0166020691549424
5.079019509754877,-3.0610065004425184
5.081580790395199,-3.1052583391827144
5.084142071035519,-3.14966277047029
5.086703351675839,-3.238166447950682
5.0892646323161586,-3.282570879238258
5.091825912956479,-3.326822717978454
5.094387193596799,-3.37122714926603
5.096948474237119,-3.4598834192938015
5.099509754877439,-3.4598834192938015
5.10207103551776,-3.5041352580339975
5.10463231615808,-3.5485396893215735
5.1071935967984,-3.5927915280617695
5.10975487743872,-3.637195959349345
5.11231615807904,-3.637195959349345
5.11487743871936,-3.6814477980895415
5.11743871935968,-3.7256996368297375
5.12,-3.770104068117313
